receipt_id,payment_id,receipt_no,generated_date,generated_by
1,1,RCP-20250121-00001,2025-01-21 10:05:00,Admin
2,2,RCP-20241028-00002,2024-10-28 10:05:00,Admin
3,3,RCP-20241116-00003,2024-11-16 10:05:00,Admin
4,4,RCP-20240916-00004,2024-09-16 10:05:00,Admin
5,5,RCP-20241024-00005,2024-10-24 10:05:00,Admin
6,6,RCP-20250120-00006,2025-01-20 10:05:00,Admin
7,7,RCP-20250131-00007,2025-01-31 10:05:00,Admin
8,8,RCP-20241226-00008,2024-12-26 10:05:00,Admin
9,9,RCP-20250129-00009,2025-01-29 10:05:00,Admin
10,10,RCP-20241009-00010,2024-10-09 10:05:00,Admin
11,11,RCP-20241118-00011,2024-11-18 10:05:00,Admin
12,12,RCP-20241222-00012,2024-12-22 10:05:00,Admin
13,13,RCP-20241109-00013,2024-11-09 10:05:00,Admin
14,14,RCP-20241220-00014,2024-12-20 10:05:00,Admin
15,15,RCP-20250220-00015,2025-02-20 10:05:00,Admin
16,16,RCP-20250315-00016,2025-03-15 10:05:00,Admin
17,17,RCP-20241230-00017,2024-12-30 10:05:00,Admin
18,18,RCP-20241221-00018,2024-12-21 10:05:00,Admin
19,19,RCP-20241214-00019,2024-12-14 10:05:00,Admin
20,20,RCP-20241124-00020,2024-11-24 10:05:00,Admin
21,21,RCP-20241212-00021,2024-12-12 10:05:00,Admin
22,22,RCP-20241120-00022,2024-11-20 10:05:00,Admin
23,23,RCP-20250110-00023,2025-01-10 10:05:00,Admin
24,24,RCP-20241228-00024,2024-12-28 10:05:00,Admin
25,25,RCP-20250208-00025,2025-02-08 10:05:00,Admin
26,26,RCP-20241113-00026,2024-11-13 10:05:00,Admin
27,27,RCP-20250203-00027,2025-02-03 10:05:00,Admin
28,28,RCP-20241214-00028,2024-12-14 10:05:00,Admin
29,29,RCP-20250213-00029,2025-02-13 10:05:00,Admin
30,30,RCP-20250109-00030,2025-01-09 10:05:00,Admin
31,31,RCP-20241230-00031,2024-12-30 10:05:00,Admin
32,32,RCP-20250109-00032,2025-01-09 10:05:00,Admin
33,33,RCP-20241216-00033,2024-12-16 10:05:00,Admin
34,34,RCP-20250305-00034,2025-03-05 10:05:00,Admin
35,35,RCP-20250104-00035,2025-01-04 10:05:00,Admin
36,36,RCP-20241125-00036,2024-11-25 10:05:00,Admin
37,37,RCP-20241122-00037,2024-11-22 10:05:00,Admin
38,38,RCP-20241030-00038,2024-10-30 10:05:00,Admin
39,39,RCP-20250327-00039,2025-03-27 10:05:00,Admin
40,40,RCP-20241009-00040,2024-10-09 10:05:00,Admin
41,41,RCP-20250130-00041,2025-01-30 10:05:00,Admin
42,42,RCP-20240926-00042,2024-09-26 10:05:00,Admin
43,43,RCP-20241214-00043,2024-12-14 10:05:00,Admin
44,44,RCP-20241107-00044,2024-11-07 10:05:00,Admin
45,45,RCP-20241124-00045,2024-11-24 10:05:00,Admin
46,46,RCP-20250303-00046,2025-03-03 10:05:00,Admin
47,47,RCP-20250206-00047,2025-02-06 10:05:00,Admin
48,48,RCP-20241029-00048,2024-10-29 10:05:00,Admin
49,49,RCP-20250228-00049,2025-02-28 10:05:00,Admin
50,50,RCP-20240908-00050,2024-09-08 10:05:00,Admin
51,51,RCP-20241008-00051,2024-10-08 10:05:00,Admin
52,52,RCP-20241017-00052,2024-10-17 10:05:00,Admin
53,53,RCP-20250206-00053,2025-02-06 10:05:00,Admin
54,54,RCP-20241030-00054,2024-10-30 10:05:00,Admin
55,55,RCP-20250325-00055,2025-03-25 10:05:00,Admin
56,56,RCP-20240919-00056,2024-09-19 10:05:00,Admin
57,57,RCP-20250224-00057,2025-02-24 10:05:00,Admin
58,58,RCP-20250102-00058,2025-01-02 10:05:00,Admin
59,59,RCP-20250227-00059,2025-02-27 10:05:00,Admin
60,60,RCP-20250223-00060,2025-02-23 10:05:00,Admin
61,61,RCP-20250106-00061,2025-01-06 10:05:00,Admin
62,62,RCP-20250203-00062,2025-02-03 10:05:00,Admin
63,63,RCP-20250313-00063,2025-03-13 10:05:00,Admin
64,64,RCP-20250208-00064,2025-02-08 10:05:00,Admin
65,65,RCP-20240909-00065,2024-09-09 10:05:00,Admin
66,66,RCP-20250311-00066,2025-03-11 10:05:00,Admin
67,67,RCP-20241203-00067,2024-12-03 10:05:00,Admin
68,68,RCP-20250102-00068,2025-01-02 10:05:00,Admin
69,69,RCP-20250325-00069,2025-03-25 10:05:00,Admin
70,70,RCP-20241028-00070,2024-10-28 10:05:00,Admin
71,71,RCP-20250325-00071,2025-03-25 10:05:00,Admin
72,72,RCP-20241002-00072,2024-10-02 10:05:00,Admin
73,73,RCP-20250128-00073,2025-01-28 10:05:00,Admin
74,74,RCP-20241230-00074,2024-12-30 10:05:00,Admin
75,75,RCP-20241027-00075,2024-10-27 10:05:00,Admin
76,76,RCP-20250227-00076,2025-02-27 10:05:00,Admin
77,77,RCP-20241117-00077,2024-11-17 10:05:00,Admin
78,78,RCP-20241209-00078,2024-12-09 10:05:00,Admin
79,79,RCP-20250117-00079,2025-01-17 10:05:00,Admin
80,80,RCP-20240926-00080,2024-09-26 10:05:00,Admin
81,81,RCP-20241111-00081,2024-11-11 10:05:00,Admin
82,82,RCP-20241031-00082,2024-10-31 10:05:00,Admin
83,83,RCP-20250213-00083,2025-02-13 10:05:00,Admin
84,84,RCP-20250330-00084,2025-03-30 10:05:00,Admin
85,85,RCP-20250131-00085,2025-01-31 10:05:00,Admin
86,86,RCP-20250321-00086,2025-03-21 10:05:00,Admin
87,87,RCP-20241024-00087,2024-10-24 10:05:00,Admin
88,88,RCP-20250321-00088,2025-03-21 10:05:00,Admin
89,89,RCP-20241008-00089,2024-10-08 10:05:00,Admin
90,90,RCP-20240929-00090,2024-09-29 10:05:00,Admin
91,91,RCP-20241031-00091,2024-10-31 10:05:00,Admin
92,92,RCP-20241217-00092,2024-12-17 10:05:00,Admin
93,93,RCP-20250319-00093,2025-03-19 10:05:00,Admin
94,94,RCP-20241027-00094,2024-10-27 10:05:00,Admin
95,95,RCP-20250216-00095,2025-02-16 10:05:00,Admin
96,96,RCP-20240916-00096,2024-09-16 10:05:00,Admin
97,97,RCP-20240928-00097,2024-09-28 10:05:00,Admin
98,98,RCP-20241122-00098,2024-11-22 10:05:00,Admin
99,99,RCP-20250119-00099,2025-01-19 10:05:00,Admin
100,100,RCP-20241226-00100,2024-12-26 10:05:00,Admin
